name,code,enabled
Afghanistan,AF,FALSE
Albania,AL,FALSE
Algeria,DZ,FALSE
American Samoa,AS,FALSE
Andorra,AD,FALSE
Angola,AO,FALSE
Anguilla,AI,FALSE
Antarctica,AQ,FALSE
Antigua and Barbuda,AG,FALSE
Argentina,AR,FALSE
Armenia,AM,FALSE
Aruba,AW,FALSE
Australia,AU,FALSE
Austria,AT,FALSE
Azerbaijan,AZ,FALSE
Bahamas (the),BS,FALSE
Bahrain,BH,FALSE
Bangladesh,BD,FALSE
Barbados,BB,FALSE
Belarus,BY,FALSE
Belgium,BE,TRUE
Belize,BZ,FALSE
Benin,BJ,FALSE
Bermuda,BM,FALSE
Bhutan,BT,FALSE
Bolivia (Plurinational State of),BO,FALSE
"Bonaire, Sint Eustatius and Saba",BQ,FALSE
Bosnia and Herzegovina,BA,FALSE
Botswana,BW,FALSE
Bouvet Island,BV,FALSE
Brazil,BR,FALSE
British Indian Ocean Territory (the),IO,FALSE
Brunei Darussalam,BN,FALSE
Bulgaria,BG,TRUE
Burkina Faso,BF,FALSE
Burundi,BI,FALSE
Cabo Verde,CV,FALSE
Cambodia,KH,FALSE
Cameroon,CM,FALSE
Canada,CA,TRUE
Cayman Islands (the),KY,FALSE
Central African Republic (the),CF,FALSE
Chad,TD,FALSE
Chile,CL,FALSE
China,CN,FALSE
Christmas Island,CX,FALSE
Cocos (Keeling) Islands (the),CC,FALSE
Colombia,CO,FALSE
Comoros (the),KM,FALSE
Congo (the Democratic Republic of the),CD,FALSE
Congo (the),CG,FALSE
Cook Islands (the),CK,FALSE
Costa Rica,CR,FALSE
Croatia,HR,TRUE
Cuba,CU,FALSE
Curaçao,CW,FALSE
Cyprus,CY,FALSE
Czechia,CZ,TRUE
Côte d'Ivoire,CI,FALSE
Denmark,DK,FALSE
Djibouti,DJ,FALSE
Dominica,DM,FALSE
Dominican Republic (the),DO,FALSE
Ecuador,EC,FALSE
Egypt,EG,FALSE
El Salvador,SV,FALSE
Equatorial Guinea,GQ,FALSE
Eritrea,ER,FALSE
Estonia,EE,FALSE
Eswatini,SZ,FALSE
Ethiopia,ET,FALSE
Falkland Islands (the) [Malvinas],FK,FALSE
Faroe Islands (the),FO,FALSE
Fiji,FJ,FALSE
Finland,FI,FALSE
France,FR,TRUE
French Guiana,GF,FALSE
French Polynesia,PF,FALSE
French Southern Territories (the),TF,FALSE
Gabon,GA,FALSE
Gambia (the),GM,FALSE
Georgia,GE,FALSE
Germany,DE,TRUE
Ghana,GH,FALSE
Gibraltar,GI,FALSE
Greece,GR,FALSE
Greenland,GL,FALSE
Grenada,GD,FALSE
Guadeloupe,GP,FALSE
Guam,GU,FALSE
Guatemala,GT,FALSE
Guernsey,GG,FALSE
Guinea,GN,FALSE
Guinea-Bissau,GW,FALSE
Guyana,GY,FALSE
Haiti,HT,FALSE
Heard Island and McDonald Islands,HM,FALSE
Holy See (the),VA,FALSE
Honduras,HN,FALSE
Hong Kong,HK,FALSE
Hungary,HU,TRUE
Iceland,IS,FALSE
India,IN,FALSE
Indonesia,ID,FALSE
Iran (Islamic Republic of),IR,FALSE
Iraq,IQ,FALSE
Ireland,IE,TRUE
Isle of Man,IM,FALSE
Israel,IL,FALSE
Italy,IT,TRUE
Jamaica,JM,FALSE
Japan,JP,FALSE
Jersey,JE,FALSE
Jordan,JO,FALSE
Kazakhstan,KZ,FALSE
Kenya,KE,FALSE
Kiribati,KI,FALSE
Korea (the Democratic People's Republic of),KP,FALSE
Korea (the Republic of),KR,FALSE
Kuwait,KW,FALSE
Kyrgyzstan,KG,FALSE
Lao People's Democratic Republic (the),LA,FALSE
Latvia,LV,FALSE
Lebanon,LB,FALSE
Lesotho,LS,FALSE
Liberia,LR,FALSE
Libya,LY,FALSE
Liechtenstein,LI,FALSE
Lithuania,LT,FALSE
Luxembourg,LU,FALSE
Macao,MO,FALSE
Madagascar,MG,FALSE
Malawi,MW,FALSE
Malaysia,MY,FALSE
Maldives,MV,FALSE
Mali,ML,FALSE
Malta,MT,FALSE
Marshall Islands (the),MH,FALSE
Martinique,MQ,FALSE
Mauritania,MR,FALSE
Mauritius,MU,FALSE
Mayotte,YT,FALSE
Mexico,MX,FALSE
Micronesia (Federated States of),FM,FALSE
Moldova (the Republic of),MD,FALSE
Monaco,MC,FALSE
Mongolia,MN,FALSE
Montenegro,ME,FALSE
Montserrat,MS,FALSE
Morocco,MA,FALSE
Mozambique,MZ,FALSE
Myanmar,MM,FALSE
Namibia,NA,FALSE
Nauru,NR,FALSE
Nepal,NP,FALSE
Netherlands (the),NL,TRUE
New Caledonia,NC,FALSE
New Zealand,NZ,FALSE
Nicaragua,NI,FALSE
Niger (the),NE,FALSE
Nigeria,NG,FALSE
Niue,NU,FALSE
Norfolk Island,NF,FALSE
Northern Mariana Islands (the),MP,FALSE
Norway,NO,FALSE
Oman,OM,FALSE
Pakistan,PK,FALSE
Palau,PW,FALSE
"Palestine, State of",PS,FALSE
Panama,PA,FALSE
Papua New Guinea,PG,FALSE
Paraguay,PY,FALSE
Peru,PE,FALSE
Philippines (the),PH,FALSE
Pitcairn,PN,FALSE
Poland,PL,TRUE
Portugal,PT,FALSE
Puerto Rico,PR,FALSE
Qatar,QA,FALSE
Republic of North Macedonia,MK,FALSE
Romania,RO,TRUE
Russian Federation (the),RU,FALSE
Rwanda,RW,FALSE
Réunion,RE,FALSE
Saint Barthélemy,BL,FALSE
"Saint Helena, Ascension and Tristan da Cunha",SH,FALSE
Saint Kitts and Nevis,KN,FALSE
Saint Lucia,LC,FALSE
Saint Martin (French part),MF,FALSE
Saint Pierre and Miquelon,PM,FALSE
Saint Vincent and the Grenadines,VC,FALSE
Samoa,WS,FALSE
San Marino,SM,FALSE
Sao Tome and Principe,ST,FALSE
Saudi Arabia,SA,FALSE
Senegal,SN,FALSE
Serbia,RS,TRUE
Seychelles,SC,FALSE
Sierra Leone,SL,FALSE
Singapore,SG,FALSE
Sint Maarten (Dutch part),SX,FALSE
Slovakia,SK,TRUE
Slovenia,SI,TRUE
Solomon Islands,SB,FALSE
Somalia,SO,FALSE
South Africa,ZA,FALSE
South Georgia and the South Sandwich Islands,GS,FALSE
South Sudan,SS,FALSE
Spain,ES,TRUE
Sri Lanka,LK,FALSE
Sudan (the),SD,FALSE
Suriname,SR,FALSE
Svalbard and Jan Mayen,SJ,FALSE
Sweden,SE,FALSE
Switzerland,CH,FALSE
Syrian Arab Republic,SY,FALSE
Taiwan (Province of China),TW,FALSE
Tajikistan,TJ,FALSE
"Tanzania, United Republic of",TZ,FALSE
Thailand,TH,FALSE
Timor-Leste,TL,FALSE
Togo,TG,FALSE
Tokelau,TK,FALSE
Tonga,TO,FALSE
Trinidad and Tobago,TT,FALSE
Tunisia,TN,FALSE
Turkey,TR,FALSE
Turkmenistan,TM,FALSE
Turks and Caicos Islands (the),TC,FALSE
Tuvalu,TV,FALSE
Uganda,UG,FALSE
Ukraine,UA,FALSE
United Arab Emirates (the),AE,FALSE
United Kingdom of Great Britain and Northern Ireland (the),GB,TRUE
United States Minor Outlying Islands (the),UM,FALSE
United States of America (the),US,TRUE
Uruguay,UY,FALSE
Uzbekistan,UZ,FALSE
Vanuatu,VU,FALSE
Venezuela (Bolivarian Republic of),VE,FALSE
Viet Nam,VN,FALSE
Virgin Islands (British),VG,FALSE
Virgin Islands (U.S.),VI,FALSE
Wallis and Futuna,WF,FALSE
Western Sahara,EH,FALSE
Yemen,YE,FALSE
Zambia,ZM,FALSE
Zimbabwe,ZW,FALSE
Åland Islands,AX,FALSE